2023 Lower tier local authorities Code,2023 Lower tier local authorities,Car or van availability (5 categories) Code,Car or van availability (5 categories),Observation
E06000001,Hartlepool,-8,Does not apply,0
E06000001,Hartlepool,0,No cars or vans in household,12102
E06000001,Hartlepool,1,1 car or van in household,16635
E06000001,Hartlepool,2,2 cars or vans in household,9259
E06000001,Hartlepool,3,3 or more cars or vans in household,2934
E06000002,Middlesbrough,-8,Does not apply,0
E06000002,Middlesbrough,0,No cars or vans in household,19964
E06000002,Middlesbrough,1,1 car or van in household,24144
E06000002,Middlesbrough,2,2 cars or vans in household,12572
E06000002,Middlesbrough,3,3 or more cars or vans in household,3583
E06000003,Redcar and Cleveland,-8,Does not apply,0
E06000003,Redcar and Cleveland,0,No cars or vans in household,15288
E06000003,Redcar and Cleveland,1,1 car or van in household,26089
E06000003,Redcar and Cleveland,2,2 cars or vans in household,15288
E06000003,Redcar and Cleveland,3,3 or more cars or vans in household,4973
E06000004,Stockton-on-Tees,-8,Does not apply,0
E06000004,Stockton-on-Tees,0,No cars or vans in household,18713
E06000004,Stockton-on-Tees,1,1 car or van in household,34299
E06000004,Stockton-on-Tees,2,2 cars or vans in household,23675
E06000004,Stockton-on-Tees,3,3 or more cars or vans in household,7069
E06000005,Darlington,-8,Does not apply,0
E06000005,Darlington,0,No cars or vans in household,12253
E06000005,Darlington,1,1 car or van in household,21342
E06000005,Darlington,2,2 cars or vans in household,11906
E06000005,Darlington,3,3 or more cars or vans in household,3417
E06000006,Halton,-8,Does not apply,0
E06000006,Halton,0,No cars or vans in household,13309
E06000006,Halton,1,1 car or van in household,23683
E06000006,Halton,2,2 cars or vans in household,14834
E06000006,Halton,3,3 or more cars or vans in household,4125
E06000007,Warrington,-8,Does not apply,0
E06000007,Warrington,0,No cars or vans in household,15776
E06000007,Warrington,1,1 car or van in household,37383
E06000007,Warrington,2,2 cars or vans in household,28681
E06000007,Warrington,3,3 or more cars or vans in household,8698
E06000008,Blackburn with Darwen,-8,Does not apply,0
E06000008,Blackburn with Darwen,0,No cars or vans in household,15814
E06000008,Blackburn with Darwen,1,1 car or van in household,24748
E06000008,Blackburn with Darwen,2,2 cars or vans in household,13939
E06000008,Blackburn with Darwen,3,3 or more cars or vans in household,4266
E06000009,Blackpool,-8,Does not apply,0
E06000009,Blackpool,0,No cars or vans in household,22019
E06000009,Blackpool,1,1 car or van in household,27318
E06000009,Blackpool,2,2 cars or vans in household,12017
E06000009,Blackpool,3,3 or more cars or vans in household,3435
E06000010,Kingston upon Hull,-8,Does not apply,0
E06000010,Kingston upon Hull,0,No cars or vans in household,40476
E06000010,Kingston upon Hull,1,1 car or van in household,49284
E06000010,Kingston upon Hull,2,2 cars or vans in household,21034
E06000010,Kingston upon Hull,3,3 or more cars or vans in household,4678
E06000011,East Riding of Yorkshire,-8,Does not apply,0
E06000011,East Riding of Yorkshire,0,No cars or vans in household,23997
E06000011,East Riding of Yorkshire,1,1 car or van in household,64070
E06000011,East Riding of Yorkshire,2,2 cars or vans in household,47338
E06000011,East Riding of Yorkshire,3,3 or more cars or vans in household,16661
E06000012,North East Lincolnshire,-8,Does not apply,0
E06000012,North East Lincolnshire,0,No cars or vans in household,18794
E06000012,North East Lincolnshire,1,1 car or van in household,29470
E06000012,North East Lincolnshire,2,2 cars or vans in household,16725
E06000012,North East Lincolnshire,3,3 or more cars or vans in household,4837
E06000013,North Lincolnshire,-8,Does not apply,0
E06000013,North Lincolnshire,0,No cars or vans in household,13503
E06000013,North Lincolnshire,1,1 car or van in household,29967
E06000013,North Lincolnshire,2,2 cars or vans in household,21659
E06000013,North Lincolnshire,3,3 or more cars or vans in household,8044
E06000014,York,-8,Does not apply,0
E06000014,York,0,No cars or vans in household,20470
E06000014,York,1,1 car or van in household,39307
E06000014,York,2,2 cars or vans in household,20190
E06000014,York,3,3 or more cars or vans in household,5489
E06000015,Derby,-8,Does not apply,0
E06000015,Derby,0,No cars or vans in household,27420
E06000015,Derby,1,1 car or van in household,44463
E06000015,Derby,2,2 cars or vans in household,25841
E06000015,Derby,3,3 or more cars or vans in household,7927
E06000016,Leicester,-8,Does not apply,0
E06000016,Leicester,0,No cars or vans in household,42083
E06000016,Leicester,1,1 car or van in household,52325
E06000016,Leicester,2,2 cars or vans in household,24968
E06000016,Leicester,3,3 or more cars or vans in household,8012
E06000017,Rutland,-8,Does not apply,0
E06000017,Rutland,0,No cars or vans in household,1723
E06000017,Rutland,1,1 car or van in household,6644
E06000017,Rutland,2,2 cars or vans in household,6050
E06000017,Rutland,3,3 or more cars or vans in household,2277
E06000018,Nottingham,-8,Does not apply,0
E06000018,Nottingham,0,No cars or vans in household,47399
E06000018,Nottingham,1,1 car or van in household,51357
E06000018,Nottingham,2,2 cars or vans in household,20474
E06000018,Nottingham,3,3 or more cars or vans in household,5515
E06000019,Herefordshire,-8,Does not apply,0
E06000019,Herefordshire,0,No cars or vans in household,11963
E06000019,Herefordshire,1,1 car or van in household,33072
E06000019,Herefordshire,2,2 cars or vans in household,26168
E06000019,Herefordshire,3,3 or more cars or vans in household,11624
E06000020,Telford and Wrekin,-8,Does not apply,0
E06000020,Telford and Wrekin,0,No cars or vans in household,14326
E06000020,Telford and Wrekin,1,1 car or van in household,31773
E06000020,Telford and Wrekin,2,2 cars or vans in household,22513
E06000020,Telford and Wrekin,3,3 or more cars or vans in household,7898
E06000021,Stoke-on-Trent,-8,Does not apply,0
E06000021,Stoke-on-Trent,0,No cars or vans in household,30166
E06000021,Stoke-on-Trent,1,1 car or van in household,48001
E06000021,Stoke-on-Trent,2,2 cars or vans in household,25101
E06000021,Stoke-on-Trent,3,3 or more cars or vans in household,7132
E06000022,Bath and North East Somerset,-8,Does not apply,0
E06000022,Bath and North East Somerset,0,No cars or vans in household,15796
E06000022,Bath and North East Somerset,1,1 car or van in household,32994
E06000022,Bath and North East Somerset,2,2 cars or vans in household,22271
E06000022,Bath and North East Somerset,3,3 or more cars or vans in household,8189
E06000023,Bristol,-8,Does not apply,0
E06000023,Bristol,0,No cars or vans in household,50141
E06000023,Bristol,1,1 car or van in household,87781
E06000023,Bristol,2,2 cars or vans in household,41397
E06000023,Bristol,3,3 or more cars or vans in household,12321
E06000024,North Somerset,-8,Does not apply,0
E06000024,North Somerset,0,No cars or vans in household,14156
E06000024,North Somerset,1,1 car or van in household,38878
E06000024,North Somerset,2,2 cars or vans in household,30335
E06000024,North Somerset,3,3 or more cars or vans in household,11279
E06000025,South Gloucestershire,-8,Does not apply,0
E06000025,South Gloucestershire,0,No cars or vans in household,14585
E06000025,South Gloucestershire,1,1 car or van in household,47411
E06000025,South Gloucestershire,2,2 cars or vans in household,40325
E06000025,South Gloucestershire,3,3 or more cars or vans in household,15780
E06000026,Plymouth,-8,Does not apply,0
E06000026,Plymouth,0,No cars or vans in household,28534
E06000026,Plymouth,1,1 car or van in household,49883
E06000026,Plymouth,2,2 cars or vans in household,28065
E06000026,Plymouth,3,3 or more cars or vans in household,8076
E06000027,Torbay,-8,Does not apply,0
E06000027,Torbay,0,No cars or vans in household,14635
E06000027,Torbay,1,1 car or van in household,27302
E06000027,Torbay,2,2 cars or vans in household,15426
E06000027,Torbay,3,3 or more cars or vans in household,5629
E06000030,Swindon,-8,Does not apply,0
E06000030,Swindon,0,No cars or vans in household,18549
E06000030,Swindon,1,1 car or van in household,39961
E06000030,Swindon,2,2 cars or vans in household,28411
E06000030,Swindon,3,3 or more cars or vans in household,8941
E06000031,Peterborough,-8,Does not apply,0
E06000031,Peterborough,0,No cars or vans in household,19149
E06000031,Peterborough,1,1 car or van in household,36755
E06000031,Peterborough,2,2 cars or vans in household,22088
E06000031,Peterborough,3,3 or more cars or vans in household,6541
E06000032,Luton,-8,Does not apply,0
E06000032,Luton,0,No cars or vans in household,19720
E06000032,Luton,1,1 car or van in household,33927
E06000032,Luton,2,2 cars or vans in household,18584
E06000032,Luton,3,3 or more cars or vans in household,6709
E06000033,Southend-on-Sea,-8,Does not apply,0
E06000033,Southend-on-Sea,0,No cars or vans in household,19246
E06000033,Southend-on-Sea,1,1 car or van in household,34739
E06000033,Southend-on-Sea,2,2 cars or vans in household,18412
E06000033,Southend-on-Sea,3,3 or more cars or vans in household,5949
E06000034,Thurrock,-8,Does not apply,0
E06000034,Thurrock,0,No cars or vans in household,11474
E06000034,Thurrock,1,1 car or van in household,28100
E06000034,Thurrock,2,2 cars or vans in household,19504
E06000034,Thurrock,3,3 or more cars or vans in household,7298
E06000035,Medway,-8,Does not apply,0
E06000035,Medway,0,No cars or vans in household,21449
E06000035,Medway,1,1 car or van in household,45564
E06000035,Medway,2,2 cars or vans in household,32204
E06000035,Medway,3,3 or more cars or vans in household,12241
E06000036,Bracknell Forest,-8,Does not apply,0
E06000036,Bracknell Forest,0,No cars or vans in household,5772
E06000036,Bracknell Forest,1,1 car or van in household,19256
E06000036,Bracknell Forest,2,2 cars or vans in household,18865
E06000036,Bracknell Forest,3,3 or more cars or vans in household,6355
E06000037,West Berkshire,-8,Does not apply,0
E06000037,West Berkshire,0,No cars or vans in household,8043
E06000037,West Berkshire,1,1 car or van in household,25521
E06000037,West Berkshire,2,2 cars or vans in household,23419
E06000037,West Berkshire,3,3 or more cars or vans in household,9675
E06000038,Reading,-8,Does not apply,0
E06000038,Reading,0,No cars or vans in household,19206
E06000038,Reading,1,1 car or van in household,29992
E06000038,Reading,2,2 cars or vans in household,14293
E06000038,Reading,3,3 or more cars or vans in household,4189
E06000039,Slough,-8,Does not apply,0
E06000039,Slough,0,No cars or vans in household,10634
E06000039,Slough,1,1 car or van in household,22358
E06000039,Slough,2,2 cars or vans in household,14121
E06000039,Slough,3,3 or more cars or vans in household,5309
E06000040,Windsor and Maidenhead,-8,Does not apply,0
E06000040,Windsor and Maidenhead,0,No cars or vans in household,7737
E06000040,Windsor and Maidenhead,1,1 car or van in household,24350
E06000040,Windsor and Maidenhead,2,2 cars or vans in household,20650
E06000040,Windsor and Maidenhead,3,3 or more cars or vans in household,8195
E06000041,Wokingham,-8,Does not apply,0
E06000041,Wokingham,0,No cars or vans in household,6242
E06000041,Wokingham,1,1 car or van in household,25935
E06000041,Wokingham,2,2 cars or vans in household,27309
E06000041,Wokingham,3,3 or more cars or vans in household,9678
E06000042,Milton Keynes,-8,Does not apply,0
E06000042,Milton Keynes,0,No cars or vans in household,19349
E06000042,Milton Keynes,1,1 car or van in household,49077
E06000042,Milton Keynes,2,2 cars or vans in household,34030
E06000042,Milton Keynes,3,3 or more cars or vans in household,10646
E06000043,Brighton,-8,Does not apply,0
E06000043,Brighton,0,No cars or vans in household,45460
E06000043,Brighton,1,1 car or van in household,51874
E06000043,Brighton,2,2 cars or vans in household,19070
E06000043,Brighton,3,3 or more cars or vans in household,4998
E06000044,Portsmouth,-8,Does not apply,0
E06000044,Portsmouth,0,No cars or vans in household,26107
E06000044,Portsmouth,1,1 car or van in household,37458
E06000044,Portsmouth,2,2 cars or vans in household,17917
E06000044,Portsmouth,3,3 or more cars or vans in household,4675
E06000045,Southampton,-8,Does not apply,0
E06000045,Southampton,0,No cars or vans in household,28018
E06000045,Southampton,1,1 car or van in household,45272
E06000045,Southampton,2,2 cars or vans in household,22324
E06000045,Southampton,3,3 or more cars or vans in household,6677
E06000046,Isle of Wight,-8,Does not apply,0
E06000046,Isle of Wight,0,No cars or vans in household,13449
E06000046,Isle of Wight,1,1 car or van in household,28768
E06000046,Isle of Wight,2,2 cars or vans in household,16255
E06000046,Isle of Wight,3,3 or more cars or vans in household,6303
E06000047,County Durham,-8,Does not apply,0
E06000047,County Durham,0,No cars or vans in household,56658
E06000047,County Durham,1,1 car or van in household,99248
E06000047,County Durham,2,2 cars or vans in household,59963
E06000047,County Durham,3,3 or more cars or vans in household,18892
E06000049,Cheshire East,-8,Does not apply,0
E06000049,Cheshire East,0,No cars or vans in household,25367
E06000049,Cheshire East,1,1 car or van in household,71640
E06000049,Cheshire East,2,2 cars or vans in household,58151
E06000049,Cheshire East,3,3 or more cars or vans in household,19698
E06000050,Cheshire West and Chester,-8,Does not apply,0
E06000050,Cheshire West and Chester,0,No cars or vans in household,25909
E06000050,Cheshire West and Chester,1,1 car or van in household,63368
E06000050,Cheshire West and Chester,2,2 cars or vans in household,49589
E06000050,Cheshire West and Chester,3,3 or more cars or vans in household,16290
E06000051,Shropshire,-8,Does not apply,0
E06000051,Shropshire,0,No cars or vans in household,19280
E06000051,Shropshire,1,1 car or van in household,55999
E06000051,Shropshire,2,2 cars or vans in household,44709
E06000051,Shropshire,3,3 or more cars or vans in household,19591
E06000052,Cornwall,-8,Does not apply,0
E06000052,Cornwall,0,No cars or vans in household,37623
E06000052,Cornwall,1,1 car or van in household,105520
E06000052,Cornwall,2,2 cars or vans in household,76073
E06000052,Cornwall,3,3 or more cars or vans in household,31318
E06000053,Isles of Scilly,-8,Does not apply,0
E06000053,Isles of Scilly,0,No cars or vans in household,393
E06000053,Isles of Scilly,1,1 car or van in household,360
E06000053,Isles of Scilly,2,2 cars or vans in household,144
E06000053,Isles of Scilly,3,3 or more cars or vans in household,44
E06000054,Wiltshire,-8,Does not apply,0
E06000054,Wiltshire,0,No cars or vans in household,28198
E06000054,Wiltshire,1,1 car or van in household,84809
E06000054,Wiltshire,2,2 cars or vans in household,73170
E06000054,Wiltshire,3,3 or more cars or vans in household,28904
E06000055,Bedford,-8,Does not apply,0
E06000055,Bedford,0,No cars or vans in household,13631
E06000055,Bedford,1,1 car or van in household,30160
E06000055,Bedford,2,2 cars or vans in household,22875
E06000055,Bedford,3,3 or more cars or vans in household,8286
E06000056,Central Bedfordshire,-8,Does not apply,0
E06000056,Central Bedfordshire,0,No cars or vans in household,13609
E06000056,Central Bedfordshire,1,1 car or van in household,46621
E06000056,Central Bedfordshire,2,2 cars or vans in household,43924
E06000056,Central Bedfordshire,3,3 or more cars or vans in household,16602
E06000057,Northumberland,-8,Does not apply,0
E06000057,Northumberland,0,No cars or vans in household,28969
E06000057,Northumberland,1,1 car or van in household,63283
E06000057,Northumberland,2,2 cars or vans in household,41349
E06000057,Northumberland,3,3 or more cars or vans in household,13321
E06000058,"Bournemouth, Christchurch and Poole",-8,Does not apply,0
E06000058,"Bournemouth, Christchurch and Poole",0,No cars or vans in household,33692
E06000058,"Bournemouth, Christchurch and Poole",1,1 car or van in household,75280
E06000058,"Bournemouth, Christchurch and Poole",2,2 cars or vans in household,47819
E06000058,"Bournemouth, Christchurch and Poole",3,3 or more cars or vans in household,17051
E06000059,Dorset,-8,Does not apply,0
E06000059,Dorset,0,No cars or vans in household,23132
E06000059,Dorset,1,1 car or van in household,69142
E06000059,Dorset,2,2 cars or vans in household,53854
E06000059,Dorset,3,3 or more cars or vans in household,23133
E06000060,Buckinghamshire,-8,Does not apply,0
E06000060,Buckinghamshire,0,No cars or vans in household,25285
E06000060,Buckinghamshire,1,1 car or van in household,82470
E06000060,Buckinghamshire,2,2 cars or vans in household,79464
E06000060,Buckinghamshire,3,3 or more cars or vans in household,33109
E06000061,North Northamptonshire,-8,Does not apply,0
E06000061,North Northamptonshire,0,No cars or vans in household,23793
E06000061,North Northamptonshire,1,1 car or van in household,60120
E06000061,North Northamptonshire,2,2 cars or vans in household,47703
E06000061,North Northamptonshire,3,3 or more cars or vans in household,17302
E06000062,West Northamptonshire,-8,Does not apply,0
E06000062,West Northamptonshire,0,No cars or vans in household,27457
E06000062,West Northamptonshire,1,1 car or van in household,67278
E06000062,West Northamptonshire,2,2 cars or vans in household,56520
E06000062,West Northamptonshire,3,3 or more cars or vans in household,21385
E06000063,Cumberland,-8,Does not apply,0
E06000063,Cumberland,0,No cars or vans in household,25491
E06000063,Cumberland,1,1 car or van in household,53481
E06000063,Cumberland,2,2 cars or vans in household,34747
E06000063,Cumberland,3,3 or more cars or vans in household,11706
E06000064,Westmorland and Furness,-8,Does not apply,0
E06000064,Westmorland and Furness,0,No cars or vans in household,18195
E06000064,Westmorland and Furness,1,1 car or van in household,44537
E06000064,Westmorland and Furness,2,2 cars or vans in household,29671
E06000064,Westmorland and Furness,3,3 or more cars or vans in household,11126
E06000065,North Yorkshire,-8,Does not apply,0
E06000065,North Yorkshire,0,No cars or vans in household,43102
E06000065,North Yorkshire,1,1 car or van in household,115308
E06000065,North Yorkshire,2,2 cars or vans in household,84961
E06000065,North Yorkshire,3,3 or more cars or vans in household,31010
E06000066,Somerset,-8,Does not apply,0
E06000066,Somerset,0,No cars or vans in household,34931
E06000066,Somerset,1,1 car or van in household,102925
E06000066,Somerset,2,2 cars or vans in household,78403
E06000066,Somerset,3,3 or more cars or vans in household,33861
E07000008,Cambridge,-8,Does not apply,0
E07000008,Cambridge,0,No cars or vans in household,18032
E07000008,Cambridge,1,1 car or van in household,24451
E07000008,Cambridge,2,2 cars or vans in household,7872
E07000008,Cambridge,3,3 or more cars or vans in household,2116
E07000009,East Cambridgeshire,-8,Does not apply,0
E07000009,East Cambridgeshire,0,No cars or vans in household,4474
E07000009,East Cambridgeshire,1,1 car or van in household,14531
E07000009,East Cambridgeshire,2,2 cars or vans in household,13000
E07000009,East Cambridgeshire,3,3 or more cars or vans in household,5198
E07000010,Fenland,-8,Does not apply,0
E07000010,Fenland,0,No cars or vans in household,7029
E07000010,Fenland,1,1 car or van in household,18308
E07000010,Fenland,2,2 cars or vans in household,13194
E07000010,Fenland,3,3 or more cars or vans in household,5552
E07000011,Huntingdonshire,-8,Does not apply,0
E07000011,Huntingdonshire,0,No cars or vans in household,10040
E07000011,Huntingdonshire,1,1 car or van in household,30862
E07000011,Huntingdonshire,2,2 cars or vans in household,26363
E07000011,Huntingdonshire,3,3 or more cars or vans in household,9615
E07000012,South Cambridgeshire,-8,Does not apply,0
E07000012,South Cambridgeshire,0,No cars or vans in household,7329
E07000012,South Cambridgeshire,1,1 car or van in household,27335
E07000012,South Cambridgeshire,2,2 cars or vans in household,23849
E07000012,South Cambridgeshire,3,3 or more cars or vans in household,8483
E07000032,Amber Valley,-8,Does not apply,0
E07000032,Amber Valley,0,No cars or vans in household,9450
E07000032,Amber Valley,1,1 car or van in household,22531
E07000032,Amber Valley,2,2 cars or vans in household,17695
E07000032,Amber Valley,3,3 or more cars or vans in household,6600
E07000033,Bolsover,-8,Does not apply,0
E07000033,Bolsover,0,No cars or vans in household,6528
E07000033,Bolsover,1,1 car or van in household,14327
E07000033,Bolsover,2,2 cars or vans in household,10605
E07000033,Bolsover,3,3 or more cars or vans in household,3802
E07000034,Chesterfield,-8,Does not apply,0
E07000034,Chesterfield,0,No cars or vans in household,11496
E07000034,Chesterfield,1,1 car or van in household,20227
E07000034,Chesterfield,2,2 cars or vans in household,12447
E07000034,Chesterfield,3,3 or more cars or vans in household,3889
E07000035,Derbyshire Dales,-8,Does not apply,0
E07000035,Derbyshire Dales,0,No cars or vans in household,4206
E07000035,Derbyshire Dales,1,1 car or van in household,12652
E07000035,Derbyshire Dales,2,2 cars or vans in household,10809
E07000035,Derbyshire Dales,3,3 or more cars or vans in household,4619
E07000036,Erewash,-8,Does not apply,0
E07000036,Erewash,0,No cars or vans in household,9763
E07000036,Erewash,1,1 car or van in household,21124
E07000036,Erewash,2,2 cars or vans in household,14863
E07000036,Erewash,3,3 or more cars or vans in household,4584
E07000037,High Peak,-8,Does not apply,0
E07000037,High Peak,0,No cars or vans in household,6881
E07000037,High Peak,1,1 car or van in household,17634
E07000037,High Peak,2,2 cars or vans in household,12057
E07000037,High Peak,3,3 or more cars or vans in household,4200
E07000038,North East Derbyshire,-8,Does not apply,0
E07000038,North East Derbyshire,0,No cars or vans in household,7415
E07000038,North East Derbyshire,1,1 car or van in household,18511
E07000038,North East Derbyshire,2,2 cars or vans in household,14458
E07000038,North East Derbyshire,3,3 or more cars or vans in household,5603
E07000039,South Derbyshire,-8,Does not apply,0
E07000039,South Derbyshire,0,No cars or vans in household,5029
E07000039,South Derbyshire,1,1 car or van in household,17746
E07000039,South Derbyshire,2,2 cars or vans in household,16552
E07000039,South Derbyshire,3,3 or more cars or vans in household,5913
E07000040,East Devon,-8,Does not apply,0
E07000040,East Devon,0,No cars or vans in household,9065
E07000040,East Devon,1,1 car or van in household,28160
E07000040,East Devon,2,2 cars or vans in household,21248
E07000040,East Devon,3,3 or more cars or vans in household,8315
E07000041,Exeter,-8,Does not apply,0
E07000041,Exeter,0,No cars or vans in household,13346
E07000041,Exeter,1,1 car or van in household,23839
E07000041,Exeter,2,2 cars or vans in household,11833
E07000041,Exeter,3,3 or more cars or vans in household,3536
E07000042,Mid Devon,-8,Does not apply,0
E07000042,Mid Devon,0,No cars or vans in household,4653
E07000042,Mid Devon,1,1 car or van in household,14074
E07000042,Mid Devon,2,2 cars or vans in household,11583
E07000042,Mid Devon,3,3 or more cars or vans in household,5323
E07000043,North Devon,-8,Does not apply,0
E07000043,North Devon,0,No cars or vans in household,7331
E07000043,North Devon,1,1 car or van in household,17936
E07000043,North Devon,2,2 cars or vans in household,12743
E07000043,North Devon,3,3 or more cars or vans in household,5187
E07000044,South Hams,-8,Does not apply,0
E07000044,South Hams,0,No cars or vans in household,4607
E07000044,South Hams,1,1 car or van in household,15753
E07000044,South Hams,2,2 cars or vans in household,13311
E07000044,South Hams,3,3 or more cars or vans in household,5664
E07000045,Teignbridge,-8,Does not apply,0
E07000045,Teignbridge,0,No cars or vans in household,8626
E07000045,Teignbridge,1,1 car or van in household,24603
E07000045,Teignbridge,2,2 cars or vans in household,18787
E07000045,Teignbridge,3,3 or more cars or vans in household,7822
E07000046,Torridge,-8,Does not apply,0
E07000046,Torridge,0,No cars or vans in household,4182
E07000046,Torridge,1,1 car or van in household,12784
E07000046,Torridge,2,2 cars or vans in household,9311
E07000046,Torridge,3,3 or more cars or vans in household,4179
E07000047,West Devon,-8,Does not apply,0
E07000047,West Devon,0,No cars or vans in household,3007
E07000047,West Devon,1,1 car or van in household,10047
E07000047,West Devon,2,2 cars or vans in household,8118
E07000047,West Devon,3,3 or more cars or vans in household,3646
E07000061,Eastbourne,-8,Does not apply,0
E07000061,Eastbourne,0,No cars or vans in household,12098
E07000061,Eastbourne,1,1 car or van in household,20431
E07000061,Eastbourne,2,2 cars or vans in household,9993
E07000061,Eastbourne,3,3 or more cars or vans in household,3088
E07000062,Hastings,-8,Does not apply,0
E07000062,Hastings,0,No cars or vans in household,11798
E07000062,Hastings,1,1 car or van in household,17381
E07000062,Hastings,2,2 cars or vans in household,8482
E07000062,Hastings,3,3 or more cars or vans in household,2791
E07000063,Lewes,-8,Does not apply,0
E07000063,Lewes,0,No cars or vans in household,8210
E07000063,Lewes,1,1 car or van in household,19286
E07000063,Lewes,2,2 cars or vans in household,11808
E07000063,Lewes,3,3 or more cars or vans in household,4384
E07000064,Rother,-8,Does not apply,0
E07000064,Rother,0,No cars or vans in household,6742
E07000064,Rother,1,1 car or van in household,17830
E07000064,Rother,2,2 cars or vans in household,12183
E07000064,Rother,3,3 or more cars or vans in household,5347
E07000065,Wealden,-8,Does not apply,0
E07000065,Wealden,0,No cars or vans in household,7222
E07000065,Wealden,1,1 car or van in household,25578
E07000065,Wealden,2,2 cars or vans in household,23994
E07000065,Wealden,3,3 or more cars or vans in household,11475
E07000066,Basildon,-8,Does not apply,0
E07000066,Basildon,0,No cars or vans in household,14300
E07000066,Basildon,1,1 car or van in household,32037
E07000066,Basildon,2,2 cars or vans in household,22118
E07000066,Basildon,3,3 or more cars or vans in household,7907
E07000067,Braintree,-8,Does not apply,0
E07000067,Braintree,0,No cars or vans in household,8932
E07000067,Braintree,1,1 car or van in household,25026
E07000067,Braintree,2,2 cars or vans in household,21572
E07000067,Braintree,3,3 or more cars or vans in household,9456
E07000068,Brentwood,-8,Does not apply,0
E07000068,Brentwood,0,No cars or vans in household,4443
E07000068,Brentwood,1,1 car or van in household,13950
E07000068,Brentwood,2,2 cars or vans in household,9945
E07000068,Brentwood,3,3 or more cars or vans in household,4004
E07000069,Castle Point,-8,Does not apply,0
E07000069,Castle Point,0,No cars or vans in household,5593
E07000069,Castle Point,1,1 car or van in household,14637
E07000069,Castle Point,2,2 cars or vans in household,11731
E07000069,Castle Point,3,3 or more cars or vans in household,5428
E07000070,Chelmsford,-8,Does not apply,0
E07000070,Chelmsford,0,No cars or vans in household,11215
E07000070,Chelmsford,1,1 car or van in household,31551
E07000070,Chelmsford,2,2 cars or vans in household,23342
E07000070,Chelmsford,3,3 or more cars or vans in household,9293
E07000071,Colchester,-8,Does not apply,0
E07000071,Colchester,0,No cars or vans in household,14540
E07000071,Colchester,1,1 car or van in household,33699
E07000071,Colchester,2,2 cars or vans in household,23202
E07000071,Colchester,3,3 or more cars or vans in household,8269
E07000072,Epping Forest,-8,Does not apply,0
E07000072,Epping Forest,0,No cars or vans in household,7641
E07000072,Epping Forest,1,1 car or van in household,23036
E07000072,Epping Forest,2,2 cars or vans in household,16618
E07000072,Epping Forest,3,3 or more cars or vans in household,7260
E07000073,Harlow,-8,Does not apply,0
E07000073,Harlow,0,No cars or vans in household,8219
E07000073,Harlow,1,1 car or van in household,15791
E07000073,Harlow,2,2 cars or vans in household,10430
E07000073,Harlow,3,3 or more cars or vans in household,3417
E07000074,Maldon,-8,Does not apply,0
E07000074,Maldon,0,No cars or vans in household,3148
E07000074,Maldon,1,1 car or van in household,9784
E07000074,Maldon,2,2 cars or vans in household,9814
E07000074,Maldon,3,3 or more cars or vans in household,5154
E07000075,Rochford,-8,Does not apply,0
E07000075,Rochford,0,No cars or vans in household,4607
E07000075,Rochford,1,1 car or van in household,13761
E07000075,Rochford,2,2 cars or vans in household,11737
E07000075,Rochford,3,3 or more cars or vans in household,5452
E07000076,Tendring,-8,Does not apply,0
E07000076,Tendring,0,No cars or vans in household,13583
E07000076,Tendring,1,1 car or van in household,29208
E07000076,Tendring,2,2 cars or vans in household,17384
E07000076,Tendring,3,3 or more cars or vans in household,7278
E07000077,Uttlesford,-8,Does not apply,0
E07000077,Uttlesford,0,No cars or vans in household,3232
E07000077,Uttlesford,1,1 car or van in household,13025
E07000077,Uttlesford,2,2 cars or vans in household,14035
E07000077,Uttlesford,3,3 or more cars or vans in household,6666
E07000078,Cheltenham,-8,Does not apply,0
E07000078,Cheltenham,0,No cars or vans in household,10621
E07000078,Cheltenham,1,1 car or van in household,23994
E07000078,Cheltenham,2,2 cars or vans in household,14221
E07000078,Cheltenham,3,3 or more cars or vans in household,4063
E07000079,Cotswold,-8,Does not apply,0
E07000079,Cotswold,0,No cars or vans in household,4462
E07000079,Cotswold,1,1 car or van in household,15783
E07000079,Cotswold,2,2 cars or vans in household,14370
E07000079,Cotswold,3,3 or more cars or vans in household,5982
E07000080,Forest of Dean,-8,Does not apply,0
E07000080,Forest of Dean,0,No cars or vans in household,4533
E07000080,Forest of Dean,1,1 car or van in household,13981
E07000080,Forest of Dean,2,2 cars or vans in household,12448
E07000080,Forest of Dean,3,3 or more cars or vans in household,6255
E07000081,Gloucester,-8,Does not apply,0
E07000081,Gloucester,0,No cars or vans in household,11192
E07000081,Gloucester,1,1 car or van in household,23135
E07000081,Gloucester,2,2 cars or vans in household,15848
E07000081,Gloucester,3,3 or more cars or vans in household,5232
E07000082,Stroud,-8,Does not apply,0
E07000082,Stroud,0,No cars or vans in household,6218
E07000082,Stroud,1,1 car or van in household,19666
E07000082,Stroud,2,2 cars or vans in household,18390
E07000082,Stroud,3,3 or more cars or vans in household,8104
E07000083,Tewkesbury,-8,Does not apply,0
E07000083,Tewkesbury,0,No cars or vans in household,4711
E07000083,Tewkesbury,1,1 car or van in household,16391
E07000083,Tewkesbury,2,2 cars or vans in household,14531
E07000083,Tewkesbury,3,3 or more cars or vans in household,5298
E07000084,Basingstoke and Deane,-8,Does not apply,0
E07000084,Basingstoke and Deane,0,No cars or vans in household,11090
E07000084,Basingstoke and Deane,1,1 car or van in household,29552
E07000084,Basingstoke and Deane,2,2 cars or vans in household,26274
E07000084,Basingstoke and Deane,3,3 or more cars or vans in household,9729
E07000085,East Hampshire,-8,Does not apply,0
E07000085,East Hampshire,0,No cars or vans in household,5106
E07000085,East Hampshire,1,1 car or van in household,18843
E07000085,East Hampshire,2,2 cars or vans in household,19740
E07000085,East Hampshire,3,3 or more cars or vans in household,9029
E07000086,Eastleigh,-8,Does not apply,0
E07000086,Eastleigh,0,No cars or vans in household,6748
E07000086,Eastleigh,1,1 car or van in household,22621
E07000086,Eastleigh,2,2 cars or vans in household,20516
E07000086,Eastleigh,3,3 or more cars or vans in household,7039
E07000087,Fareham,-8,Does not apply,0
E07000087,Fareham,0,No cars or vans in household,5893
E07000087,Fareham,1,1 car or van in household,18538
E07000087,Fareham,2,2 cars or vans in household,17433
E07000087,Fareham,3,3 or more cars or vans in household,6775
E07000088,Gosport,-8,Does not apply,0
E07000088,Gosport,0,No cars or vans in household,7418
E07000088,Gosport,1,1 car or van in household,15909
E07000088,Gosport,2,2 cars or vans in household,9569
E07000088,Gosport,3,3 or more cars or vans in household,3026
E07000089,Hart,-8,Does not apply,0
E07000089,Hart,0,No cars or vans in household,3136
E07000089,Hart,1,1 car or van in household,13984
E07000089,Hart,2,2 cars or vans in household,16092
E07000089,Hart,3,3 or more cars or vans in household,6752
E07000090,Havant,-8,Does not apply,0
E07000090,Havant,0,No cars or vans in household,9678
E07000090,Havant,1,1 car or van in household,21254
E07000090,Havant,2,2 cars or vans in household,16299
E07000090,Havant,3,3 or more cars or vans in household,6358
E07000091,New Forest,-8,Does not apply,0
E07000091,New Forest,0,No cars or vans in household,9039
E07000091,New Forest,1,1 car or van in household,30145
E07000091,New Forest,2,2 cars or vans in household,26423
E07000091,New Forest,3,3 or more cars or vans in household,11959
E07000092,Rushmoor,-8,Does not apply,0
E07000092,Rushmoor,0,No cars or vans in household,6421
E07000092,Rushmoor,1,1 car or van in household,15875
E07000092,Rushmoor,2,2 cars or vans in household,12516
E07000092,Rushmoor,3,3 or more cars or vans in household,4491
E07000093,Test Valley,-8,Does not apply,0
E07000093,Test Valley,0,No cars or vans in household,6520
E07000093,Test Valley,1,1 car or van in household,20437
E07000093,Test Valley,2,2 cars or vans in household,19967
E07000093,Test Valley,3,3 or more cars or vans in household,7784
E07000094,Winchester,-8,Does not apply,0
E07000094,Winchester,0,No cars or vans in household,6996
E07000094,Winchester,1,1 car or van in household,19839
E07000094,Winchester,2,2 cars or vans in household,17715
E07000094,Winchester,3,3 or more cars or vans in household,7165
E07000095,Broxbourne,-8,Does not apply,0
E07000095,Broxbourne,0,No cars or vans in household,6596
E07000095,Broxbourne,1,1 car or van in household,16635
E07000095,Broxbourne,2,2 cars or vans in household,11648
E07000095,Broxbourne,3,3 or more cars or vans in household,4971
E07000096,Dacorum,-8,Does not apply,0
E07000096,Dacorum,0,No cars or vans in household,9195
E07000096,Dacorum,1,1 car or van in household,25860
E07000096,Dacorum,2,2 cars or vans in household,20483
E07000096,Dacorum,3,3 or more cars or vans in household,7874
E07000098,Hertsmere,-8,Does not apply,0
E07000098,Hertsmere,0,No cars or vans in household,6619
E07000098,Hertsmere,1,1 car or van in household,18044
E07000098,Hertsmere,2,2 cars or vans in household,13248
E07000098,Hertsmere,3,3 or more cars or vans in household,4771
E07000099,North Hertfordshire,-8,Does not apply,0
E07000099,North Hertfordshire,0,No cars or vans in household,8781
E07000099,North Hertfordshire,1,1 car or van in household,24339
E07000099,North Hertfordshire,2,2 cars or vans in household,17366
E07000099,North Hertfordshire,3,3 or more cars or vans in household,6246
E07000102,Three Rivers,-8,Does not apply,0
E07000102,Three Rivers,0,No cars or vans in household,4601
E07000102,Three Rivers,1,1 car or van in household,14673
E07000102,Three Rivers,2,2 cars or vans in household,12428
E07000102,Three Rivers,3,3 or more cars or vans in household,5156
E07000103,Watford,-8,Does not apply,0
E07000103,Watford,0,No cars or vans in household,8884
E07000103,Watford,1,1 car or van in household,17628
E07000103,Watford,2,2 cars or vans in household,10015
E07000103,Watford,3,3 or more cars or vans in household,3101
E07000105,Ashford,-8,Does not apply,0
E07000105,Ashford,0,No cars or vans in household,7706
E07000105,Ashford,1,1 car or van in household,21372
E07000105,Ashford,2,2 cars or vans in household,17129
E07000105,Ashford,3,3 or more cars or vans in household,7376
E07000106,Canterbury,-8,Does not apply,0
E07000106,Canterbury,0,No cars or vans in household,13291
E07000106,Canterbury,1,1 car or van in household,27208
E07000106,Canterbury,2,2 cars or vans in household,16907
E07000106,Canterbury,3,3 or more cars or vans in household,6386
E07000107,Dartford,-8,Does not apply,0
E07000107,Dartford,0,No cars or vans in household,7700
E07000107,Dartford,1,1 car or van in household,20577
E07000107,Dartford,2,2 cars or vans in household,13036
E07000107,Dartford,3,3 or more cars or vans in household,4383
E07000108,Dover,-8,Does not apply,0
E07000108,Dover,0,No cars or vans in household,10146
E07000108,Dover,1,1 car or van in household,21507
E07000108,Dover,2,2 cars or vans in household,13688
E07000108,Dover,3,3 or more cars or vans in household,5207
E07000109,Gravesham,-8,Does not apply,0
E07000109,Gravesham,0,No cars or vans in household,8204
E07000109,Gravesham,1,1 car or van in household,17094
E07000109,Gravesham,2,2 cars or vans in household,11616
E07000109,Gravesham,3,3 or more cars or vans in household,4811
E07000110,Maidstone,-8,Does not apply,0
E07000110,Maidstone,0,No cars or vans in household,10401
E07000110,Maidstone,1,1 car or van in household,28004
E07000110,Maidstone,2,2 cars or vans in household,23251
E07000110,Maidstone,3,3 or more cars or vans in household,9555
E07000111,Sevenoaks,-8,Does not apply,0
E07000111,Sevenoaks,0,No cars or vans in household,5606
E07000111,Sevenoaks,1,1 car or van in household,19700
E07000111,Sevenoaks,2,2 cars or vans in household,16334
E07000111,Sevenoaks,3,3 or more cars or vans in household,7376
E07000112,Folkestone and Hythe,-8,Does not apply,0
E07000112,Folkestone and Hythe,0,No cars or vans in household,9912
E07000112,Folkestone and Hythe,1,1 car or van in household,20668
E07000112,Folkestone and Hythe,2,2 cars or vans in household,12795
E07000112,Folkestone and Hythe,3,3 or more cars or vans in household,4962
E07000113,Swale,-8,Does not apply,0
E07000113,Swale,0,No cars or vans in household,10064
E07000113,Swale,1,1 car or van in household,24288
E07000113,Swale,2,2 cars or vans in household,18454
E07000113,Swale,3,3 or more cars or vans in household,7689
E07000114,Thanet,-8,Does not apply,0
E07000114,Thanet,0,No cars or vans in household,16219
E07000114,Thanet,1,1 car or van in household,26812
E07000114,Thanet,2,2 cars or vans in household,14210
E07000114,Thanet,3,3 or more cars or vans in household,4959
E07000115,Tonbridge and Malling,-8,Does not apply,0
E07000115,Tonbridge and Malling,0,No cars or vans in household,6593
E07000115,Tonbridge and Malling,1,1 car or van in household,21333
E07000115,Tonbridge and Malling,2,2 cars or vans in household,18366
E07000115,Tonbridge and Malling,3,3 or more cars or vans in household,7281
E07000116,Tunbridge Wells,-8,Does not apply,0
E07000116,Tunbridge Wells,0,No cars or vans in household,7483
E07000116,Tunbridge Wells,1,1 car or van in household,20576
E07000116,Tunbridge Wells,2,2 cars or vans in household,14517
E07000116,Tunbridge Wells,3,3 or more cars or vans in household,5647
E07000117,Burnley,-8,Does not apply,0
E07000117,Burnley,0,No cars or vans in household,11667
E07000117,Burnley,1,1 car or van in household,16992
E07000117,Burnley,2,2 cars or vans in household,8730
E07000117,Burnley,3,3 or more cars or vans in household,2483
E07000118,Chorley,-8,Does not apply,0
E07000118,Chorley,0,No cars or vans in household,7342
E07000118,Chorley,1,1 car or van in household,20479
E07000118,Chorley,2,2 cars or vans in household,16810
E07000118,Chorley,3,3 or more cars or vans in household,5503
E07000119,Fylde,-8,Does not apply,0
E07000119,Fylde,0,No cars or vans in household,6313
E07000119,Fylde,1,1 car or van in household,16657
E07000119,Fylde,2,2 cars or vans in household,11094
E07000119,Fylde,3,3 or more cars or vans in household,3542
E07000120,Hyndburn,-8,Does not apply,0
E07000120,Hyndburn,0,No cars or vans in household,8818
E07000120,Hyndburn,1,1 car or van in household,15012
E07000120,Hyndburn,2,2 cars or vans in household,8434
E07000120,Hyndburn,3,3 or more cars or vans in household,2528
E07000121,Lancaster,-8,Does not apply,0
E07000121,Lancaster,0,No cars or vans in household,13632
E07000121,Lancaster,1,1 car or van in household,25899
E07000121,Lancaster,2,2 cars or vans in household,15486
E07000121,Lancaster,3,3 or more cars or vans in household,4963
E07000122,Pendle,-8,Does not apply,0
E07000122,Pendle,0,No cars or vans in household,8858
E07000122,Pendle,1,1 car or van in household,16502
E07000122,Pendle,2,2 cars or vans in household,9577
E07000122,Pendle,3,3 or more cars or vans in household,3134
E07000123,Preston,-8,Does not apply,0
E07000123,Preston,0,No cars or vans in household,16536
E07000123,Preston,1,1 car or van in household,24674
E07000123,Preston,2,2 cars or vans in household,14219
E07000123,Preston,3,3 or more cars or vans in household,4178
E07000124,Ribble Valley,-8,Does not apply,0
E07000124,Ribble Valley,0,No cars or vans in household,3056
E07000124,Ribble Valley,1,1 car or van in household,10611
E07000124,Ribble Valley,2,2 cars or vans in household,9396
E07000124,Ribble Valley,3,3 or more cars or vans in household,3684
E07000125,Rossendale,-8,Does not apply,0
E07000125,Rossendale,0,No cars or vans in household,5605
E07000125,Rossendale,1,1 car or van in household,12736
E07000125,Rossendale,2,2 cars or vans in household,9303
E07000125,Rossendale,3,3 or more cars or vans in household,2918
E07000126,South Ribble,-8,Does not apply,0
E07000126,South Ribble,0,No cars or vans in household,6965
E07000126,South Ribble,1,1 car or van in household,20751
E07000126,South Ribble,2,2 cars or vans in household,15861
E07000126,South Ribble,3,3 or more cars or vans in household,5009
E07000127,West Lancashire,-8,Does not apply,0
E07000127,West Lancashire,0,No cars or vans in household,8728
E07000127,West Lancashire,1,1 car or van in household,19291
E07000127,West Lancashire,2,2 cars or vans in household,14953
E07000127,West Lancashire,3,3 or more cars or vans in household,5561
E07000128,Wyre,-8,Does not apply,0
E07000128,Wyre,0,No cars or vans in household,9345
E07000128,Wyre,1,1 car or van in household,21940
E07000128,Wyre,2,2 cars or vans in household,14430
E07000128,Wyre,3,3 or more cars or vans in household,5049
E07000129,Blaby,-8,Does not apply,0
E07000129,Blaby,0,No cars or vans in household,4867
E07000129,Blaby,1,1 car or van in household,16747
E07000129,Blaby,2,2 cars or vans in household,15421
E07000129,Blaby,3,3 or more cars or vans in household,5540
E07000130,Charnwood,-8,Does not apply,0
E07000130,Charnwood,0,No cars or vans in household,11495
E07000130,Charnwood,1,1 car or van in household,29910
E07000130,Charnwood,2,2 cars or vans in household,24215
E07000130,Charnwood,3,3 or more cars or vans in household,8164
E07000131,Harborough,-8,Does not apply,0
E07000131,Harborough,0,No cars or vans in household,4035
E07000131,Harborough,1,1 car or van in household,14719
E07000131,Harborough,2,2 cars or vans in household,15384
E07000131,Harborough,3,3 or more cars or vans in household,6275
E07000132,Hinckley and Bosworth,-8,Does not apply,0
E07000132,Hinckley and Bosworth,0,No cars or vans in household,6292
E07000132,Hinckley and Bosworth,1,1 car or van in household,19683
E07000132,Hinckley and Bosworth,2,2 cars or vans in household,17020
E07000132,Hinckley and Bosworth,3,3 or more cars or vans in household,6451
E07000133,Melton,-8,Does not apply,0
E07000133,Melton,0,No cars or vans in household,2963
E07000133,Melton,1,1 car or van in household,8881
E07000133,Melton,2,2 cars or vans in household,7595
E07000133,Melton,3,3 or more cars or vans in household,3160
E07000134,North West Leicestershire,-8,Does not apply,0
E07000134,North West Leicestershire,0,No cars or vans in household,5670
E07000134,North West Leicestershire,1,1 car or van in household,17109
E07000134,North West Leicestershire,2,2 cars or vans in household,15937
E07000134,North West Leicestershire,3,3 or more cars or vans in household,6257
E07000135,Oadby and Wigston,-8,Does not apply,0
E07000135,Oadby and Wigston,0,No cars or vans in household,3798
E07000135,Oadby and Wigston,1,1 car or van in household,9345
E07000135,Oadby and Wigston,2,2 cars or vans in household,6993
E07000135,Oadby and Wigston,3,3 or more cars or vans in household,2481
E07000136,Boston,-8,Does not apply,0
E07000136,Boston,0,No cars or vans in household,5733
E07000136,Boston,1,1 car or van in household,12557
E07000136,Boston,2,2 cars or vans in household,7933
E07000136,Boston,3,3 or more cars or vans in household,3181
E07000137,East Lindsey,-8,Does not apply,0
E07000137,East Lindsey,0,No cars or vans in household,10810
E07000137,East Lindsey,1,1 car or van in household,28696
E07000137,East Lindsey,2,2 cars or vans in household,17931
E07000137,East Lindsey,3,3 or more cars or vans in household,7317
E07000138,Lincoln,-8,Does not apply,0
E07000138,Lincoln,0,No cars or vans in household,12062
E07000138,Lincoln,1,1 car or van in household,18960
E07000138,Lincoln,2,2 cars or vans in household,9068
E07000138,Lincoln,3,3 or more cars or vans in household,2417
E07000139,North Kesteven,-8,Does not apply,0
E07000139,North Kesteven,0,No cars or vans in household,5824
E07000139,North Kesteven,1,1 car or van in household,21045
E07000139,North Kesteven,2,2 cars or vans in household,17674
E07000139,North Kesteven,3,3 or more cars or vans in household,6446
E07000140,South Holland,-8,Does not apply,0
E07000140,South Holland,0,No cars or vans in household,5247
E07000140,South Holland,1,1 car or van in household,16507
E07000140,South Holland,2,2 cars or vans in household,13166
E07000140,South Holland,3,3 or more cars or vans in household,5783
E07000141,South Kesteven,-8,Does not apply,0
E07000141,South Kesteven,0,No cars or vans in household,9176
E07000141,South Kesteven,1,1 car or van in household,25864
E07000141,South Kesteven,2,2 cars or vans in household,20562
E07000141,South Kesteven,3,3 or more cars or vans in household,7248
E07000142,West Lindsey,-8,Does not apply,0
E07000142,West Lindsey,0,No cars or vans in household,5982
E07000142,West Lindsey,1,1 car or van in household,17448
E07000142,West Lindsey,2,2 cars or vans in household,13645
E07000142,West Lindsey,3,3 or more cars or vans in household,5270
E07000143,Breckland,-8,Does not apply,0
E07000143,Breckland,0,No cars or vans in household,8021
E07000143,Breckland,1,1 car or van in household,24381
E07000143,Breckland,2,2 cars or vans in household,19542
E07000143,Breckland,3,3 or more cars or vans in household,8415
E07000144,Broadland,-8,Does not apply,0
E07000144,Broadland,0,No cars or vans in household,6342
E07000144,Broadland,1,1 car or van in household,23971
E07000144,Broadland,2,2 cars or vans in household,19792
E07000144,Broadland,3,3 or more cars or vans in household,7655
E07000145,Great Yarmouth,-8,Does not apply,0
E07000145,Great Yarmouth,0,No cars or vans in household,11314
E07000145,Great Yarmouth,1,1 car or van in household,18749
E07000145,Great Yarmouth,2,2 cars or vans in household,10672
E07000145,Great Yarmouth,3,3 or more cars or vans in household,3809
E07000146,King's Lynn and West Norfolk,-8,Does not apply,0
E07000146,King's Lynn and West Norfolk,0,No cars or vans in household,10150
E07000146,King's Lynn and West Norfolk,1,1 car or van in household,27738
E07000146,King's Lynn and West Norfolk,2,2 cars or vans in household,20496
E07000146,King's Lynn and West Norfolk,3,3 or more cars or vans in household,9080
E07000147,North Norfolk,-8,Does not apply,0
E07000147,North Norfolk,0,No cars or vans in household,7061
E07000147,North Norfolk,1,1 car or van in household,21133
E07000147,North Norfolk,2,2 cars or vans in household,14100
E07000147,North Norfolk,3,3 or more cars or vans in household,6080
E07000148,Norwich,-8,Does not apply,0
E07000148,Norwich,0,No cars or vans in household,21077
E07000148,Norwich,1,1 car or van in household,29916
E07000148,Norwich,2,2 cars or vans in household,10818
E07000148,Norwich,3,3 or more cars or vans in household,2648
E07000149,South Norfolk,-8,Does not apply,0
E07000149,South Norfolk,0,No cars or vans in household,6440
E07000149,South Norfolk,1,1 car or van in household,24599
E07000149,South Norfolk,2,2 cars or vans in household,21552
E07000149,South Norfolk,3,3 or more cars or vans in household,8791
E07000170,Ashfield,-8,Does not apply,0
E07000170,Ashfield,0,No cars or vans in household,11228
E07000170,Ashfield,1,1 car or van in household,22927
E07000170,Ashfield,2,2 cars or vans in household,15244
E07000170,Ashfield,3,3 or more cars or vans in household,5111
E07000171,Bassetlaw,-8,Does not apply,0
E07000171,Bassetlaw,0,No cars or vans in household,8833
E07000171,Bassetlaw,1,1 car or van in household,20939
E07000171,Bassetlaw,2,2 cars or vans in household,15744
E07000171,Bassetlaw,3,3 or more cars or vans in household,5942
E07000172,Broxtowe,-8,Does not apply,0
E07000172,Broxtowe,0,No cars or vans in household,9609
E07000172,Broxtowe,1,1 car or van in household,21091
E07000172,Broxtowe,2,2 cars or vans in household,13598
E07000172,Broxtowe,3,3 or more cars or vans in household,4063
E07000173,Gedling,-8,Does not apply,0
E07000173,Gedling,0,No cars or vans in household,9760
E07000173,Gedling,1,1 car or van in household,22450
E07000173,Gedling,2,2 cars or vans in household,14961
E07000173,Gedling,3,3 or more cars or vans in household,4380
E07000174,Mansfield,-8,Does not apply,0
E07000174,Mansfield,0,No cars or vans in household,10501
E07000174,Mansfield,1,1 car or van in household,19866
E07000174,Mansfield,2,2 cars or vans in household,13409
E07000174,Mansfield,3,3 or more cars or vans in household,4252
E07000175,Newark and Sherwood,-8,Does not apply,0
E07000175,Newark and Sherwood,0,No cars or vans in household,8620
E07000175,Newark and Sherwood,1,1 car or van in household,21812
E07000175,Newark and Sherwood,2,2 cars or vans in household,16541
E07000175,Newark and Sherwood,3,3 or more cars or vans in household,6357
E07000176,Rushcliffe,-8,Does not apply,0
E07000176,Rushcliffe,0,No cars or vans in household,6710
E07000176,Rushcliffe,1,1 car or van in household,20078
E07000176,Rushcliffe,2,2 cars or vans in household,17683
E07000176,Rushcliffe,3,3 or more cars or vans in household,5412
E07000177,Cherwell,-8,Does not apply,0
E07000177,Cherwell,0,No cars or vans in household,9699
E07000177,Cherwell,1,1 car or van in household,26671
E07000177,Cherwell,2,2 cars or vans in household,21461
E07000177,Cherwell,3,3 or more cars or vans in household,8064
E07000178,Oxford,-8,Does not apply,0
E07000178,Oxford,0,No cars or vans in household,17735
E07000178,Oxford,1,1 car or van in household,25086
E07000178,Oxford,2,2 cars or vans in household,9559
E07000178,Oxford,3,3 or more cars or vans in household,2859
E07000179,South Oxfordshire,-8,Does not apply,0
E07000179,South Oxfordshire,0,No cars or vans in household,6644
E07000179,South Oxfordshire,1,1 car or van in household,23693
E07000179,South Oxfordshire,2,2 cars or vans in household,22172
E07000179,South Oxfordshire,3,3 or more cars or vans in household,8987
E07000180,Vale of White Horse,-8,Does not apply,0
E07000180,Vale of White Horse,0,No cars or vans in household,7040
E07000180,Vale of White Horse,1,1 car or van in household,22898
E07000180,Vale of White Horse,2,2 cars or vans in household,20223
E07000180,Vale of White Horse,3,3 or more cars or vans in household,7338
E07000181,West Oxfordshire,-8,Does not apply,0
E07000181,West Oxfordshire,0,No cars or vans in household,5516
E07000181,West Oxfordshire,1,1 car or van in household,19098
E07000181,West Oxfordshire,2,2 cars or vans in household,16656
E07000181,West Oxfordshire,3,3 or more cars or vans in household,6710
E07000192,Cannock Chase,-8,Does not apply,0
E07000192,Cannock Chase,0,No cars or vans in household,7354
E07000192,Cannock Chase,1,1 car or van in household,17181
E07000192,Cannock Chase,2,2 cars or vans in household,13784
E07000192,Cannock Chase,3,3 or more cars or vans in household,5138
E07000193,East Staffordshire,-8,Does not apply,0
E07000193,East Staffordshire,0,No cars or vans in household,9483
E07000193,East Staffordshire,1,1 car or van in household,20419
E07000193,East Staffordshire,2,2 cars or vans in household,15635
E07000193,East Staffordshire,3,3 or more cars or vans in household,5756
E07000194,Lichfield,-8,Does not apply,0
E07000194,Lichfield,0,No cars or vans in household,5767
E07000194,Lichfield,1,1 car or van in household,17521
E07000194,Lichfield,2,2 cars or vans in household,15992
E07000194,Lichfield,3,3 or more cars or vans in household,6350
E07000195,Newcastle-under-Lyme,-8,Does not apply,0
E07000195,Newcastle-under-Lyme,0,No cars or vans in household,10374
E07000195,Newcastle-under-Lyme,1,1 car or van in household,22175
E07000195,Newcastle-under-Lyme,2,2 cars or vans in household,15400
E07000195,Newcastle-under-Lyme,3,3 or more cars or vans in household,5474
E07000196,South Staffordshire,-8,Does not apply,0
E07000196,South Staffordshire,0,No cars or vans in household,5619
E07000196,South Staffordshire,1,1 car or van in household,17272
E07000196,South Staffordshire,2,2 cars or vans in household,16186
E07000196,South Staffordshire,3,3 or more cars or vans in household,7044
E07000197,Stafford,-8,Does not apply,0
E07000197,Stafford,0,No cars or vans in household,8920
E07000197,Stafford,1,1 car or van in household,24490
E07000197,Stafford,2,2 cars or vans in household,19766
E07000197,Stafford,3,3 or more cars or vans in household,6871
E07000198,Staffordshire Moorlands,-8,Does not apply,0
E07000198,Staffordshire Moorlands,0,No cars or vans in household,5538
E07000198,Staffordshire Moorlands,1,1 car or van in household,16805
E07000198,Staffordshire Moorlands,2,2 cars or vans in household,14013
E07000198,Staffordshire Moorlands,3,3 or more cars or vans in household,5999
E07000199,Tamworth,-8,Does not apply,0
E07000199,Tamworth,0,No cars or vans in household,6004
E07000199,Tamworth,1,1 car or van in household,13169
E07000199,Tamworth,2,2 cars or vans in household,10260
E07000199,Tamworth,3,3 or more cars or vans in household,3463
E07000200,Babergh,-8,Does not apply,0
E07000200,Babergh,0,No cars or vans in household,4683
E07000200,Babergh,1,1 car or van in household,15517
E07000200,Babergh,2,2 cars or vans in household,13729
E07000200,Babergh,3,3 or more cars or vans in household,6271
E07000202,Ipswich,-8,Does not apply,0
E07000202,Ipswich,0,No cars or vans in household,14764
E07000202,Ipswich,1,1 car or van in household,26122
E07000202,Ipswich,2,2 cars or vans in household,14281
E07000202,Ipswich,3,3 or more cars or vans in household,4340
E07000203,Mid Suffolk,-8,Does not apply,0
E07000203,Mid Suffolk,0,No cars or vans in household,4333
E07000203,Mid Suffolk,1,1 car or van in household,16221
E07000203,Mid Suffolk,2,2 cars or vans in household,15994
E07000203,Mid Suffolk,3,3 or more cars or vans in household,7795
E07000207,Elmbridge,-8,Does not apply,0
E07000207,Elmbridge,0,No cars or vans in household,6192
E07000207,Elmbridge,1,1 car or van in household,24688
E07000207,Elmbridge,2,2 cars or vans in household,17976
E07000207,Elmbridge,3,3 or more cars or vans in household,6734
E07000208,Epsom and Ewell,-8,Does not apply,0
E07000208,Epsom and Ewell,0,No cars or vans in household,4466
E07000208,Epsom and Ewell,1,1 car or van in household,14170
E07000208,Epsom and Ewell,2,2 cars or vans in household,9370
E07000208,Epsom and Ewell,3,3 or more cars or vans in household,3313
E07000209,Guildford,-8,Does not apply,0
E07000209,Guildford,0,No cars or vans in household,7711
E07000209,Guildford,1,1 car or van in household,21650
E07000209,Guildford,2,2 cars or vans in household,18744
E07000209,Guildford,3,3 or more cars or vans in household,7653
E07000210,Mole Valley,-8,Does not apply,0
E07000210,Mole Valley,0,No cars or vans in household,4286
E07000210,Mole Valley,1,1 car or van in household,14540
E07000210,Mole Valley,2,2 cars or vans in household,12379
E07000210,Mole Valley,3,3 or more cars or vans in household,5934
E07000211,Reigate and Banstead,-8,Does not apply,0
E07000211,Reigate and Banstead,0,No cars or vans in household,8056
E07000211,Reigate and Banstead,1,1 car or van in household,24582
E07000211,Reigate and Banstead,2,2 cars or vans in household,19603
E07000211,Reigate and Banstead,3,3 or more cars or vans in household,7608
E07000212,Runnymede,-8,Does not apply,0
E07000212,Runnymede,0,No cars or vans in household,4837
E07000212,Runnymede,1,1 car or van in household,13960
E07000212,Runnymede,2,2 cars or vans in household,11452
E07000212,Runnymede,3,3 or more cars or vans in household,4589
E07000213,Spelthorne,-8,Does not apply,0
E07000213,Spelthorne,0,No cars or vans in household,6156
E07000213,Spelthorne,1,1 car or van in household,17558
E07000213,Spelthorne,2,2 cars or vans in household,13082
E07000213,Spelthorne,3,3 or more cars or vans in household,5009
E07000214,Surrey Heath,-8,Does not apply,0
E07000214,Surrey Heath,0,No cars or vans in household,3562
E07000214,Surrey Heath,1,1 car or van in household,12347
E07000214,Surrey Heath,2,2 cars or vans in household,13784
E07000214,Surrey Heath,3,3 or more cars or vans in household,6315
E07000215,Tandridge,-8,Does not apply,0
E07000215,Tandridge,0,No cars or vans in household,4016
E07000215,Tandridge,1,1 car or van in household,14045
E07000215,Tandridge,2,2 cars or vans in household,11774
E07000215,Tandridge,3,3 or more cars or vans in household,5788
E07000216,Waverley,-8,Does not apply,0
E07000216,Waverley,0,No cars or vans in household,5875
E07000216,Waverley,1,1 car or van in household,19972
E07000216,Waverley,2,2 cars or vans in household,18739
E07000216,Waverley,3,3 or more cars or vans in household,7862
E07000217,Woking,-8,Does not apply,0
E07000217,Woking,0,No cars or vans in household,6101
E07000217,Woking,1,1 car or van in household,17306
E07000217,Woking,2,2 cars or vans in household,13047
E07000217,Woking,3,3 or more cars or vans in household,4983
E07000218,North Warwickshire,-8,Does not apply,0
E07000218,North Warwickshire,0,No cars or vans in household,3716
E07000218,North Warwickshire,1,1 car or van in household,10555
E07000218,North Warwickshire,2,2 cars or vans in household,9295
E07000218,North Warwickshire,3,3 or more cars or vans in household,4014
E07000219,Nuneaton and Bedworth,-8,Does not apply,0
E07000219,Nuneaton and Bedworth,0,No cars or vans in household,10992
E07000219,Nuneaton and Bedworth,1,1 car or van in household,23027
E07000219,Nuneaton and Bedworth,2,2 cars or vans in household,16756
E07000219,Nuneaton and Bedworth,3,3 or more cars or vans in household,5811
E07000220,Rugby,-8,Does not apply,0
E07000220,Rugby,0,No cars or vans in household,6859
E07000220,Rugby,1,1 car or van in household,19087
E07000220,Rugby,2,2 cars or vans in household,15491
E07000220,Rugby,3,3 or more cars or vans in household,5576
E07000221,Stratford-on-Avon,-8,Does not apply,0
E07000221,Stratford-on-Avon,0,No cars or vans in household,6587
E07000221,Stratford-on-Avon,1,1 car or van in household,22272
E07000221,Stratford-on-Avon,2,2 cars or vans in household,21384
E07000221,Stratford-on-Avon,3,3 or more cars or vans in household,9221
E07000222,Warwick,-8,Does not apply,0
E07000222,Warwick,0,No cars or vans in household,10396
E07000222,Warwick,1,1 car or van in household,25702
E07000222,Warwick,2,2 cars or vans in household,19929
E07000222,Warwick,3,3 or more cars or vans in household,6592
E07000223,Adur,-8,Does not apply,0
E07000223,Adur,0,No cars or vans in household,5111
E07000223,Adur,1,1 car or van in household,12276
E07000223,Adur,2,2 cars or vans in household,7719
E07000223,Adur,3,3 or more cars or vans in household,2573
E07000224,Arun,-8,Does not apply,0
E07000224,Arun,0,No cars or vans in household,12254
E07000224,Arun,1,1 car or van in household,31062
E07000224,Arun,2,2 cars or vans in household,21278
E07000224,Arun,3,3 or more cars or vans in household,8067
E07000225,Chichester,-8,Does not apply,0
E07000225,Chichester,0,No cars or vans in household,7618
E07000225,Chichester,1,1 car or van in household,22122
E07000225,Chichester,2,2 cars or vans in household,16768
E07000225,Chichester,3,3 or more cars or vans in household,7610
E07000226,Crawley,-8,Does not apply,0
E07000226,Crawley,0,No cars or vans in household,9370
E07000226,Crawley,1,1 car or van in household,19224
E07000226,Crawley,2,2 cars or vans in household,12653
E07000226,Crawley,3,3 or more cars or vans in household,4255
E07000227,Horsham,-8,Does not apply,0
E07000227,Horsham,0,No cars or vans in household,7010
E07000227,Horsham,1,1 car or van in household,23954
E07000227,Horsham,2,2 cars or vans in household,22055
E07000227,Horsham,3,3 or more cars or vans in household,9351
E07000228,Mid Sussex,-8,Does not apply,0
E07000228,Mid Sussex,0,No cars or vans in household,7838
E07000228,Mid Sussex,1,1 car or van in household,26644
E07000228,Mid Sussex,2,2 cars or vans in household,20853
E07000228,Mid Sussex,3,3 or more cars or vans in household,8014
E07000229,Worthing,-8,Does not apply,0
E07000229,Worthing,0,No cars or vans in household,10818
E07000229,Worthing,1,1 car or van in household,21836
E07000229,Worthing,2,2 cars or vans in household,12697
E07000229,Worthing,3,3 or more cars or vans in household,4187
E07000234,Bromsgrove,-8,Does not apply,0
E07000234,Bromsgrove,0,No cars or vans in household,4692
E07000234,Bromsgrove,1,1 car or van in household,14919
E07000234,Bromsgrove,2,2 cars or vans in household,15399
E07000234,Bromsgrove,3,3 or more cars or vans in household,6252
E07000235,Malvern Hills,-8,Does not apply,0
E07000235,Malvern Hills,0,No cars or vans in household,4133
E07000235,Malvern Hills,1,1 car or van in household,13233
E07000235,Malvern Hills,2,2 cars or vans in household,11804
E07000235,Malvern Hills,3,3 or more cars or vans in household,5722
E07000236,Redditch,-8,Does not apply,0
E07000236,Redditch,0,No cars or vans in household,6408
E07000236,Redditch,1,1 car or van in household,14342
E07000236,Redditch,2,2 cars or vans in household,11445
E07000236,Redditch,3,3 or more cars or vans in household,4180
E07000237,Worcester,-8,Does not apply,0
E07000237,Worcester,0,No cars or vans in household,9152
E07000237,Worcester,1,1 car or van in household,18907
E07000237,Worcester,2,2 cars or vans in household,12542
E07000237,Worcester,3,3 or more cars or vans in household,4121
E07000238,Wychavon,-8,Does not apply,0
E07000238,Wychavon,0,No cars or vans in household,6784
E07000238,Wychavon,1,1 car or van in household,21162
E07000238,Wychavon,2,2 cars or vans in household,20279
E07000238,Wychavon,3,3 or more cars or vans in household,9131
E07000239,Wyre Forest,-8,Does not apply,0
E07000239,Wyre Forest,0,No cars or vans in household,7366
E07000239,Wyre Forest,1,1 car or van in household,18392
E07000239,Wyre Forest,2,2 cars or vans in household,14028
E07000239,Wyre Forest,3,3 or more cars or vans in household,5534
E07000240,St Albans,-8,Does not apply,0
E07000240,St Albans,0,No cars or vans in household,7571
E07000240,St Albans,1,1 car or van in household,26007
E07000240,St Albans,2,2 cars or vans in household,19103
E07000240,St Albans,3,3 or more cars or vans in household,6309
E07000241,Welwyn Hatfield,-8,Does not apply,0
E07000241,Welwyn Hatfield,0,No cars or vans in household,8126
E07000241,Welwyn Hatfield,1,1 car or van in household,19210
E07000241,Welwyn Hatfield,2,2 cars or vans in household,13626
E07000241,Welwyn Hatfield,3,3 or more cars or vans in household,5247
E07000242,East Hertfordshire,-8,Does not apply,0
E07000242,East Hertfordshire,0,No cars or vans in household,7695
E07000242,East Hertfordshire,1,1 car or van in household,25159
E07000242,East Hertfordshire,2,2 cars or vans in household,20908
E07000242,East Hertfordshire,3,3 or more cars or vans in household,8259
E07000243,Stevenage,-8,Does not apply,0
E07000243,Stevenage,0,No cars or vans in household,7387
E07000243,Stevenage,1,1 car or van in household,15176
E07000243,Stevenage,2,2 cars or vans in household,10532
E07000243,Stevenage,3,3 or more cars or vans in household,3415
E07000244,East Suffolk,-8,Does not apply,0
E07000244,East Suffolk,0,No cars or vans in household,17565
E07000244,East Suffolk,1,1 car or van in household,47199
E07000244,East Suffolk,2,2 cars or vans in household,32899
E07000244,East Suffolk,3,3 or more cars or vans in household,13084
E07000245,West Suffolk,-8,Does not apply,0
E07000245,West Suffolk,0,No cars or vans in household,11730
E07000245,West Suffolk,1,1 car or van in household,32829
E07000245,West Suffolk,2,2 cars or vans in household,24971
E07000245,West Suffolk,3,3 or more cars or vans in household,9216
E08000001,Bolton,-8,Does not apply,0
E08000001,Bolton,0,No cars or vans in household,29427
E08000001,Bolton,1,1 car or van in household,50816
E08000001,Bolton,2,2 cars or vans in household,29967
E08000001,Bolton,3,3 or more cars or vans in household,8580
E08000002,Bury,-8,Does not apply,0
E08000002,Bury,0,No cars or vans in household,17829
E08000002,Bury,1,1 car or van in household,35125
E08000002,Bury,2,2 cars or vans in household,21845
E08000002,Bury,3,3 or more cars or vans in household,5896
E08000003,Manchester,-8,Does not apply,0
E08000003,Manchester,0,No cars or vans in household,83770
E08000003,Manchester,1,1 car or van in household,92267
E08000003,Manchester,2,2 cars or vans in household,31611
E08000003,Manchester,3,3 or more cars or vans in household,7084
E08000004,Oldham,-8,Does not apply,0
E08000004,Oldham,0,No cars or vans in household,25744
E08000004,Oldham,1,1 car or van in household,39646
E08000004,Oldham,2,2 cars or vans in household,21541
E08000004,Oldham,3,3 or more cars or vans in household,6209
E08000005,Rochdale,-8,Does not apply,0
E08000005,Rochdale,0,No cars or vans in household,23697
E08000005,Rochdale,1,1 car or van in household,38272
E08000005,Rochdale,2,2 cars or vans in household,22067
E08000005,Rochdale,3,3 or more cars or vans in household,6187
E08000006,Salford,-8,Does not apply,0
E08000006,Salford,0,No cars or vans in household,38206
E08000006,Salford,1,1 car or van in household,49424
E08000006,Salford,2,2 cars or vans in household,22239
E08000006,Salford,3,3 or more cars or vans in household,5247
E08000007,Stockport,-8,Does not apply,0
E08000007,Stockport,0,No cars or vans in household,24889
E08000007,Stockport,1,1 car or van in household,54538
E08000007,Stockport,2,2 cars or vans in household,36885
E08000007,Stockport,3,3 or more cars or vans in household,10336
E08000008,Tameside,-8,Does not apply,0
E08000008,Tameside,0,No cars or vans in household,25969
E08000008,Tameside,1,1 car or van in household,43226
E08000008,Tameside,2,2 cars or vans in household,23781
E08000008,Tameside,3,3 or more cars or vans in household,6551
E08000009,Trafford,-8,Does not apply,0
E08000009,Trafford,0,No cars or vans in household,18555
E08000009,Trafford,1,1 car or van in household,41742
E08000009,Trafford,2,2 cars or vans in household,28427
E08000009,Trafford,3,3 or more cars or vans in household,7545
E08000010,Wigan,-8,Does not apply,0
E08000010,Wigan,0,No cars or vans in household,30519
E08000010,Wigan,1,1 car or van in household,60609
E08000010,Wigan,2,2 cars or vans in household,40335
E08000010,Wigan,3,3 or more cars or vans in household,11642
E08000011,Knowsley,-8,Does not apply,0
E08000011,Knowsley,0,No cars or vans in household,20621
E08000011,Knowsley,1,1 car or van in household,27218
E08000011,Knowsley,2,2 cars or vans in household,14663
E08000011,Knowsley,3,3 or more cars or vans in household,3571
E08000012,Liverpool,-8,Does not apply,0
E08000012,Liverpool,0,No cars or vans in household,83142
E08000012,Liverpool,1,1 car or van in household,83796
E08000012,Liverpool,2,2 cars or vans in household,33311
E08000012,Liverpool,3,3 or more cars or vans in household,7242
E08000013,St. Helens,-8,Does not apply,0
E08000013,St. Helens,0,No cars or vans in household,18785
E08000013,St. Helens,1,1 car or van in household,34286
E08000013,St. Helens,2,2 cars or vans in household,21931
E08000013,St. Helens,3,3 or more cars or vans in household,6008
E08000014,Sefton,-8,Does not apply,0
E08000014,Sefton,0,No cars or vans in household,32455
E08000014,Sefton,1,1 car or van in household,52487
E08000014,Sefton,2,2 cars or vans in household,29715
E08000014,Sefton,3,3 or more cars or vans in household,8414
E08000015,Wirral,-8,Does not apply,0
E08000015,Wirral,0,No cars or vans in household,35911
E08000015,Wirral,1,1 car or van in household,60728
E08000015,Wirral,2,2 cars or vans in household,36052
E08000015,Wirral,3,3 or more cars or vans in household,10561
E08000016,Barnsley,-8,Does not apply,0
E08000016,Barnsley,0,No cars or vans in household,24580
E08000016,Barnsley,1,1 car or van in household,44800
E08000016,Barnsley,2,2 cars or vans in household,29576
E08000016,Barnsley,3,3 or more cars or vans in household,9098
E08000017,Doncaster,-8,Does not apply,0
E08000017,Doncaster,0,No cars or vans in household,32560
E08000017,Doncaster,1,1 car or van in household,55681
E08000017,Doncaster,2,2 cars or vans in household,34412
E08000017,Doncaster,3,3 or more cars or vans in household,10827
E08000018,Rotherham,-8,Does not apply,0
E08000018,Rotherham,0,No cars or vans in household,26186
E08000018,Rotherham,1,1 car or van in household,45465
E08000018,Rotherham,2,2 cars or vans in household,31785
E08000018,Rotherham,3,3 or more cars or vans in household,10488
E08000019,Sheffield,-8,Does not apply,0
E08000019,Sheffield,0,No cars or vans in household,67843
E08000019,Sheffield,1,1 car or van in household,98577
E08000019,Sheffield,2,2 cars or vans in household,51149
E08000019,Sheffield,3,3 or more cars or vans in household,14381
E08000021,Newcastle,-8,Does not apply,0
E08000021,Newcastle,0,No cars or vans in household,44961
E08000021,Newcastle,1,1 car or van in household,50078
E08000021,Newcastle,2,2 cars or vans in household,22425
E08000021,Newcastle,3,3 or more cars or vans in household,5331
E08000022,North Tyneside,-8,Does not apply,0
E08000022,North Tyneside,0,No cars or vans in household,26766
E08000022,North Tyneside,1,1 car or van in household,42878
E08000022,North Tyneside,2,2 cars or vans in household,21637
E08000022,North Tyneside,3,3 or more cars or vans in household,4951
E08000023,South Tyneside,-8,Does not apply,0
E08000023,South Tyneside,0,No cars or vans in household,22372
E08000023,South Tyneside,1,1 car or van in household,28630
E08000023,South Tyneside,2,2 cars or vans in household,13785
E08000023,South Tyneside,3,3 or more cars or vans in household,3500
E08000024,Sunderland,-8,Does not apply,0
E08000024,Sunderland,0,No cars or vans in household,37778
E08000024,Sunderland,1,1 car or van in household,49971
E08000024,Sunderland,2,2 cars or vans in household,26926
E08000024,Sunderland,3,3 or more cars or vans in household,7502
E08000025,Birmingham,-8,Does not apply,0
E08000025,Birmingham,0,No cars or vans in household,134123
E08000025,Birmingham,1,1 car or van in household,176325
E08000025,Birmingham,2,2 cars or vans in household,86325
E08000025,Birmingham,3,3 or more cars or vans in household,26683
E08000026,Coventry,-8,Does not apply,0
E08000026,Coventry,0,No cars or vans in household,37047
E08000026,Coventry,1,1 car or van in household,55958
E08000026,Coventry,2,2 cars or vans in household,31334
E08000026,Coventry,3,3 or more cars or vans in household,9801
E08000027,Dudley,-8,Does not apply,0
E08000027,Dudley,0,No cars or vans in household,28090
E08000027,Dudley,1,1 car or van in household,55799
E08000027,Dudley,2,2 cars or vans in household,39332
E08000027,Dudley,3,3 or more cars or vans in household,13848
E08000028,Sandwell,-8,Does not apply,0
E08000028,Sandwell,0,No cars or vans in household,38092
E08000028,Sandwell,1,1 car or van in household,54728
E08000028,Sandwell,2,2 cars or vans in household,28286
E08000028,Sandwell,3,3 or more cars or vans in household,9140
E08000029,Solihull,-8,Does not apply,0
E08000029,Solihull,0,No cars or vans in household,15754
E08000029,Solihull,1,1 car or van in household,35180
E08000029,Solihull,2,2 cars or vans in household,28347
E08000029,Solihull,3,3 or more cars or vans in household,10202
E08000030,Walsall,-8,Does not apply,0
E08000030,Walsall,0,No cars or vans in household,28002
E08000030,Walsall,1,1 car or van in household,45286
E08000030,Walsall,2,2 cars or vans in household,28621
E08000030,Walsall,3,3 or more cars or vans in household,10317
E08000031,Wolverhampton,-8,Does not apply,0
E08000031,Wolverhampton,0,No cars or vans in household,29951
E08000031,Wolverhampton,1,1 car or van in household,43012
E08000031,Wolverhampton,2,2 cars or vans in household,24054
E08000031,Wolverhampton,3,3 or more cars or vans in household,8124
E08000032,Bradford,-8,Does not apply,0
E08000032,Bradford,0,No cars or vans in household,57910
E08000032,Bradford,1,1 car or van in household,88910
E08000032,Bradford,2,2 cars or vans in household,48227
E08000032,Bradford,3,3 or more cars or vans in household,14820
E08000033,Calderdale,-8,Does not apply,0
E08000033,Calderdale,0,No cars or vans in household,22177
E08000033,Calderdale,1,1 car or van in household,38826
E08000033,Calderdale,2,2 cars or vans in household,22646
E08000033,Calderdale,3,3 or more cars or vans in household,6827
E08000034,Kirklees,-8,Does not apply,0
E08000034,Kirklees,0,No cars or vans in household,40356
E08000034,Kirklees,1,1 car or van in household,73901
E08000034,Kirklees,2,2 cars or vans in household,48622
E08000034,Kirklees,3,3 or more cars or vans in household,15110
E08000035,Leeds,-8,Does not apply,0
E08000035,Leeds,0,No cars or vans in household,98083
E08000035,Leeds,1,1 car or van in household,142676
E08000035,Leeds,2,2 cars or vans in household,79730
E08000035,Leeds,3,3 or more cars or vans in household,20977
E08000036,Wakefield,-8,Does not apply,0
E08000036,Wakefield,0,No cars or vans in household,34928
E08000036,Wakefield,1,1 car or van in household,63894
E08000036,Wakefield,2,2 cars or vans in household,41956
E08000036,Wakefield,3,3 or more cars or vans in household,12297
E08000037,Gateshead,-8,Does not apply,0
E08000037,Gateshead,0,No cars or vans in household,28836
E08000037,Gateshead,1,1 car or van in household,37139
E08000037,Gateshead,2,2 cars or vans in household,18463
E08000037,Gateshead,3,3 or more cars or vans in household,4562
E09000001,City of London,-8,Does not apply,0
E09000001,City of London,0,No cars or vans in household,3793
E09000001,City of London,1,1 car or van in household,954
E09000001,City of London,2,2 cars or vans in household,123
E09000001,City of London,3,3 or more cars or vans in household,43
E09000002,Barking and Dagenham,-8,Does not apply,0
E09000002,Barking and Dagenham,0,No cars or vans in household,25682
E09000002,Barking and Dagenham,1,1 car or van in household,33190
E09000002,Barking and Dagenham,2,2 cars or vans in household,11911
E09000002,Barking and Dagenham,3,3 or more cars or vans in household,3119
E09000003,Barnet,-8,Does not apply,0
E09000003,Barnet,0,No cars or vans in household,44580
E09000003,Barnet,1,1 car or van in household,66990
E09000003,Barnet,2,2 cars or vans in household,29077
E09000003,Barnet,3,3 or more cars or vans in household,8270
E09000004,Bexley,-8,Does not apply,0
E09000004,Bexley,0,No cars or vans in household,21327
E09000004,Bexley,1,1 car or van in household,43224
E09000004,Bexley,2,2 cars or vans in household,22652
E09000004,Bexley,3,3 or more cars or vans in household,8097
E09000005,Brent,-8,Does not apply,0
E09000005,Brent,0,No cars or vans in household,52297
E09000005,Brent,1,1 car or van in household,46316
E09000005,Brent,2,2 cars or vans in household,15294
E09000005,Brent,3,3 or more cars or vans in household,4705
E09000006,Bromley,-8,Does not apply,0
E09000006,Bromley,0,No cars or vans in household,31084
E09000006,Bromley,1,1 car or van in household,62960
E09000006,Bromley,2,2 cars or vans in household,30995
E09000006,Bromley,3,3 or more cars or vans in household,10788
E09000007,Camden,-8,Does not apply,0
E09000007,Camden,0,No cars or vans in household,59037
E09000007,Camden,1,1 car or van in household,27983
E09000007,Camden,2,2 cars or vans in household,4809
E09000007,Camden,3,3 or more cars or vans in household,930
E09000008,Croydon,-8,Does not apply,0
E09000008,Croydon,0,No cars or vans in household,51422
E09000008,Croydon,1,1 car or van in household,66099
E09000008,Croydon,2,2 cars or vans in household,26551
E09000008,Croydon,3,3 or more cars or vans in household,8872
E09000009,Ealing,-8,Does not apply,0
E09000009,Ealing,0,No cars or vans in household,49188
E09000009,Ealing,1,1 car or van in household,58513
E09000009,Ealing,2,2 cars or vans in household,20211
E09000009,Ealing,3,3 or more cars or vans in household,5749
E09000010,Enfield,-8,Does not apply,0
E09000010,Enfield,0,No cars or vans in household,37517
E09000010,Enfield,1,1 car or van in household,53617
E09000010,Enfield,2,2 cars or vans in household,22358
E09000010,Enfield,3,3 or more cars or vans in household,7432
E09000011,Greenwich,-8,Does not apply,0
E09000011,Greenwich,0,No cars or vans in household,49186
E09000011,Greenwich,1,1 car or van in household,48404
E09000011,Greenwich,2,2 cars or vans in household,13007
E09000011,Greenwich,3,3 or more cars or vans in household,3455
E09000012,Hackney,-8,Does not apply,0
E09000012,Hackney,0,No cars or vans in household,68832
E09000012,Hackney,1,1 car or van in household,32322
E09000012,Hackney,2,2 cars or vans in household,4167
E09000012,Hackney,3,3 or more cars or vans in household,760
E09000013,Hammersmith and Fulham,-8,Does not apply,0
E09000013,Hammersmith and Fulham,0,No cars or vans in household,46679
E09000013,Hammersmith and Fulham,1,1 car or van in household,28753
E09000013,Hammersmith and Fulham,2,2 cars or vans in household,4944
E09000013,Hammersmith and Fulham,3,3 or more cars or vans in household,867
E09000014,Haringey,-8,Does not apply,0
E09000014,Haringey,0,No cars or vans in household,55410
E09000014,Haringey,1,1 car or van in household,39894
E09000014,Haringey,2,2 cars or vans in household,8177
E09000014,Haringey,3,3 or more cars or vans in household,1611
E09000015,Harrow,-8,Does not apply,0
E09000015,Harrow,0,No cars or vans in household,22165
E09000015,Harrow,1,1 car or van in household,39651
E09000015,Harrow,2,2 cars or vans in household,21088
E09000015,Harrow,3,3 or more cars or vans in household,6738
E09000016,Havering,-8,Does not apply,0
E09000016,Havering,0,No cars or vans in household,21806
E09000016,Havering,1,1 car or van in household,44708
E09000016,Havering,2,2 cars or vans in household,25232
E09000016,Havering,3,3 or more cars or vans in household,9531
E09000017,Hillingdon,-8,Does not apply,0
E09000017,Hillingdon,0,No cars or vans in household,24353
E09000017,Hillingdon,1,1 car or van in household,48056
E09000017,Hillingdon,2,2 cars or vans in household,27117
E09000017,Hillingdon,3,3 or more cars or vans in household,9702
E09000018,Hounslow,-8,Does not apply,0
E09000018,Hounslow,0,No cars or vans in household,33724
E09000018,Hounslow,1,1 car or van in household,45507
E09000018,Hounslow,2,2 cars or vans in household,17934
E09000018,Hounslow,3,3 or more cars or vans in household,5799
E09000019,Islington,-8,Does not apply,0
E09000019,Islington,0,No cars or vans in household,64536
E09000019,Islington,1,1 car or van in household,27722
E09000019,Islington,2,2 cars or vans in household,3606
E09000019,Islington,3,3 or more cars or vans in household,632
E09000020,Kensington and Chelsea,-8,Does not apply,0
E09000020,Kensington and Chelsea,0,No cars or vans in household,39003
E09000020,Kensington and Chelsea,1,1 car or van in household,21860
E09000020,Kensington and Chelsea,2,2 cars or vans in household,4926
E09000020,Kensington and Chelsea,3,3 or more cars or vans in household,1095
E09000021,Kingston upon Thames,-8,Does not apply,0
E09000021,Kingston upon Thames,0,No cars or vans in household,16866
E09000021,Kingston upon Thames,1,1 car or van in household,31444
E09000021,Kingston upon Thames,2,2 cars or vans in household,13381
E09000021,Kingston upon Thames,3,3 or more cars or vans in household,3935
E09000022,Lambeth,-8,Does not apply,0
E09000022,Lambeth,0,No cars or vans in household,78136
E09000022,Lambeth,1,1 car or van in household,46524
E09000022,Lambeth,2,2 cars or vans in household,8257
E09000022,Lambeth,3,3 or more cars or vans in household,1771
E09000023,Lewisham,-8,Does not apply,0
E09000023,Lewisham,0,No cars or vans in household,58369
E09000023,Lewisham,1,1 car or van in household,50109
E09000023,Lewisham,2,2 cars or vans in household,11201
E09000023,Lewisham,3,3 or more cars or vans in household,2713
E09000024,Merton,-8,Does not apply,0
E09000024,Merton,0,No cars or vans in household,27009
E09000024,Merton,1,1 car or van in household,38843
E09000024,Merton,2,2 cars or vans in household,12570
E09000024,Merton,3,3 or more cars or vans in household,3304
E09000025,Newham,-8,Does not apply,0
E09000025,Newham,0,No cars or vans in household,59697
E09000025,Newham,1,1 car or van in household,43647
E09000025,Newham,2,2 cars or vans in household,9919
E09000025,Newham,3,3 or more cars or vans in household,2244
E09000026,Redbridge,-8,Does not apply,0
E09000026,Redbridge,0,No cars or vans in household,28527
E09000026,Redbridge,1,1 car or van in household,47181
E09000026,Redbridge,2,2 cars or vans in household,21071
E09000026,Redbridge,3,3 or more cars or vans in household,6934
E09000027,Richmond upon Thames,-8,Does not apply,0
E09000027,Richmond upon Thames,0,No cars or vans in household,20516
E09000027,Richmond upon Thames,1,1 car or van in household,41739
E09000027,Richmond upon Thames,2,2 cars or vans in household,14790
E09000027,Richmond upon Thames,3,3 or more cars or vans in household,3660
E09000028,Southwark,-8,Does not apply,0
E09000028,Southwark,0,No cars or vans in household,78851
E09000028,Southwark,1,1 car or van in household,43420
E09000028,Southwark,2,2 cars or vans in household,7177
E09000028,Southwark,3,3 or more cars or vans in household,1370
E09000029,Sutton,-8,Does not apply,0
E09000029,Sutton,0,No cars or vans in household,18782
E09000029,Sutton,1,1 car or van in household,38668
E09000029,Sutton,2,2 cars or vans in household,18785
E09000029,Sutton,3,3 or more cars or vans in household,6113
E09000030,Tower Hamlets,-8,Does not apply,0
E09000030,Tower Hamlets,0,No cars or vans in household,80018
E09000030,Tower Hamlets,1,1 car or van in household,34571
E09000030,Tower Hamlets,2,2 cars or vans in household,5057
E09000030,Tower Hamlets,3,3 or more cars or vans in household,894
E09000031,Waltham Forest,-8,Does not apply,0
E09000031,Waltham Forest,0,No cars or vans in household,43337
E09000031,Waltham Forest,1,1 car or van in household,43943
E09000031,Waltham Forest,2,2 cars or vans in household,12198
E09000031,Waltham Forest,3,3 or more cars or vans in household,3423
E09000032,Wandsworth,-8,Does not apply,0
E09000032,Wandsworth,0,No cars or vans in household,65756
E09000032,Wandsworth,1,1 car or van in household,57727
E09000032,Wandsworth,2,2 cars or vans in household,11711
E09000032,Wandsworth,3,3 or more cars or vans in household,2199
E09000033,Westminster,-8,Does not apply,0
E09000033,Westminster,0,No cars or vans in household,62789
E09000033,Westminster,1,1 car or van in household,26309
E09000033,Westminster,2,2 cars or vans in household,4670
E09000033,Westminster,3,3 or more cars or vans in household,1047
W06000001,Isle of Anglesey,-8,Does not apply,0
W06000001,Isle of Anglesey,0,No cars or vans in household,4617
W06000001,Isle of Anglesey,1,1 car or van in household,12724
W06000001,Isle of Anglesey,2,2 cars or vans in household,9399
W06000001,Isle of Anglesey,3,3 or more cars or vans in household,4082
W06000002,Gwynedd,-8,Does not apply,0
W06000002,Gwynedd,0,No cars or vans in household,9027
W06000002,Gwynedd,1,1 car or van in household,21391
W06000002,Gwynedd,2,2 cars or vans in household,14345
W06000002,Gwynedd,3,3 or more cars or vans in household,6339
W06000003,Conwy,-8,Does not apply,0
W06000003,Conwy,0,No cars or vans in household,9676
W06000003,Conwy,1,1 car or van in household,22451
W06000003,Conwy,2,2 cars or vans in household,14392
W06000003,Conwy,3,3 or more cars or vans in household,5716
W06000004,Denbighshire,-8,Does not apply,0
W06000004,Denbighshire,0,No cars or vans in household,7969
W06000004,Denbighshire,1,1 car or van in household,17662
W06000004,Denbighshire,2,2 cars or vans in household,11910
W06000004,Denbighshire,3,3 or more cars or vans in household,4848
W06000005,Flintshire,-8,Does not apply,0
W06000005,Flintshire,0,No cars or vans in household,9750
W06000005,Flintshire,1,1 car or van in household,26684
W06000005,Flintshire,2,2 cars or vans in household,21847
W06000005,Flintshire,3,3 or more cars or vans in household,8630
W06000006,Wrexham,-8,Does not apply,0
W06000006,Wrexham,0,No cars or vans in household,11033
W06000006,Wrexham,1,1 car or van in household,23494
W06000006,Wrexham,2,2 cars or vans in household,16886
W06000006,Wrexham,3,3 or more cars or vans in household,6501
W06000008,Ceredigion,-8,Does not apply,0
W06000008,Ceredigion,0,No cars or vans in household,4861
W06000008,Ceredigion,1,1 car or van in household,12949
W06000008,Ceredigion,2,2 cars or vans in household,9017
W06000008,Ceredigion,3,3 or more cars or vans in household,4067
W06000009,Pembrokeshire,-8,Does not apply,0
W06000009,Pembrokeshire,0,No cars or vans in household,8432
W06000009,Pembrokeshire,1,1 car or van in household,23490
W06000009,Pembrokeshire,2,2 cars or vans in household,16317
W06000009,Pembrokeshire,3,3 or more cars or vans in household,7249
W06000010,Carmarthenshire,-8,Does not apply,0
W06000010,Carmarthenshire,0,No cars or vans in household,12594
W06000010,Carmarthenshire,1,1 car or van in household,33731
W06000010,Carmarthenshire,2,2 cars or vans in household,24722
W06000010,Carmarthenshire,3,3 or more cars or vans in household,10712
W06000011,Swansea,-8,Does not apply,0
W06000011,Swansea,0,No cars or vans in household,23767
W06000011,Swansea,1,1 car or van in household,44670
W06000011,Swansea,2,2 cars or vans in household,26886
W06000011,Swansea,3,3 or more cars or vans in household,9639
W06000012,Neath Port Talbot,-8,Does not apply,0
W06000012,Neath Port Talbot,0,No cars or vans in household,13059
W06000012,Neath Port Talbot,1,1 car or van in household,26396
W06000012,Neath Port Talbot,2,2 cars or vans in household,16978
W06000012,Neath Port Talbot,3,3 or more cars or vans in household,5942
W06000013,Bridgend,-8,Does not apply,0
W06000013,Bridgend,0,No cars or vans in household,11366
W06000013,Bridgend,1,1 car or van in household,26108
W06000013,Bridgend,2,2 cars or vans in household,18425
W06000013,Bridgend,3,3 or more cars or vans in household,6459
W06000014,Vale of Glamorgan,-8,Does not apply,0
W06000014,Vale of Glamorgan,0,No cars or vans in household,9529
W06000014,Vale of Glamorgan,1,1 car or van in household,24389
W06000014,Vale of Glamorgan,2,2 cars or vans in household,17612
W06000014,Vale of Glamorgan,3,3 or more cars or vans in household,5920
W06000015,Cardiff,-8,Does not apply,0
W06000015,Cardiff,0,No cars or vans in household,38293
W06000015,Cardiff,1,1 car or van in household,63557
W06000015,Cardiff,2,2 cars or vans in household,35256
W06000015,Cardiff,3,3 or more cars or vans in household,10227
W06000016,Rhondda Cynon Taf,-8,Does not apply,0
W06000016,Rhondda Cynon Taf,0,No cars or vans in household,22958
W06000016,Rhondda Cynon Taf,1,1 car or van in household,43205
W06000016,Rhondda Cynon Taf,2,2 cars or vans in household,27517
W06000016,Rhondda Cynon Taf,3,3 or more cars or vans in household,9658
W06000018,Caerphilly,-8,Does not apply,0
W06000018,Caerphilly,0,No cars or vans in household,15502
W06000018,Caerphilly,1,1 car or van in household,31897
W06000018,Caerphilly,2,2 cars or vans in household,21106
W06000018,Caerphilly,3,3 or more cars or vans in household,7752
W06000019,Blaenau Gwent,-8,Does not apply,0
W06000019,Blaenau Gwent,0,No cars or vans in household,6969
W06000019,Blaenau Gwent,1,1 car or van in household,12872
W06000019,Blaenau Gwent,2,2 cars or vans in household,7663
W06000019,Blaenau Gwent,3,3 or more cars or vans in household,2836
W06000020,Torfaen,-8,Does not apply,0
W06000020,Torfaen,0,No cars or vans in household,7899
W06000020,Torfaen,1,1 car or van in household,16687
W06000020,Torfaen,2,2 cars or vans in household,11436
W06000020,Torfaen,3,3 or more cars or vans in household,4219
W06000021,Monmouthshire,-8,Does not apply,0
W06000021,Monmouthshire,0,No cars or vans in household,5297
W06000021,Monmouthshire,1,1 car or van in household,15666
W06000021,Monmouthshire,2,2 cars or vans in household,13870
W06000021,Monmouthshire,3,3 or more cars or vans in household,6091
W06000022,Newport,-8,Does not apply,0
W06000022,Newport,0,No cars or vans in household,14920
W06000022,Newport,1,1 car or van in household,26859
W06000022,Newport,2,2 cars or vans in household,18145
W06000022,Newport,3,3 or more cars or vans in household,6130
W06000023,Powys,-8,Does not apply,0
W06000023,Powys,0,No cars or vans in household,7886
W06000023,Powys,1,1 car or van in household,24592
W06000023,Powys,2,2 cars or vans in household,18687
W06000023,Powys,3,3 or more cars or vans in household,9017
W06000024,Merthyr Tydfil,-8,Does not apply,0
W06000024,Merthyr Tydfil,0,No cars or vans in household,6455
W06000024,Merthyr Tydfil,1,1 car or van in household,10778
W06000024,Merthyr Tydfil,2,2 cars or vans in household,6350
W06000024,Merthyr Tydfil,3,3 or more cars or vans in household,2200
W06000025,Edinburgh,-8,Does not apply,0
W06000025,Edinburgh,0,No cars or vans in household,90079
W06000025,Edinburgh,1,1 car or van in household,105540
W06000025,Edinburgh,2,2 cars or vans in household,36111
W06000025,Edinburgh,3,3 or more cars or vans in household,7224
W06000026,Glasgow,-8,Does not apply,0
W06000026,Glasgow,0,No cars or vans in household,128351
W06000026,Glasgow,1,1 car or van in household,118504
W06000026,Glasgow,2,2 cars or vans in household,38543
W06000026,Glasgow,3,3 or more cars or vans in household,8408
